host,host0,host1,host2,host3,host4,host5,host6,host7,host8,host9
total_time,119.999421,120.778694,119.995837,120.787290,120.186176,120.387820,119.998639,119.999950,119.996158,119.995117
total_packets,64516,52791,64675,53312,17055,52591,40908,52766,40978,51485
min_delay,0.000013,0.000010,0.000013,0.000010,0.000015,0.000010,0.000015,0.000009,0.000014,0.000009
max_delay,0.067701,0.030212,0.092201,0.066229,1.034927,0.088967,0.054442,0.010403,0.051430,0.028874
avg_delay,0.001022,0.000111,0.001027,0.000110,0.157546,0.000177,0.009503,0.000111,0.009472,0.000111
avg_jitter,0.001091,0.000094,0.001092,0.000095,0.011488,0.000097,0.002964,0.000096,0.002962,0.000093
sd_delay,0.001493,0.000325,0.001556,0.000396,0.211733,0.001977,0.007686,0.000269,0.007458,0.000318
avg_bit_rate,4301.087419,3496.709444,4311.816251,3530.967538,1135.238715,3494.772146,2727.230931,3517.734799,2731.954135,3432.473006
avg_pkt_rate,537.635927,437.088681,538.977031,441.370942,141.904839,436.846518,340.903866,439.716850,341.494267,429.059126
