host,host0,host1,host3,host4,host6,host7,host9,host10,host12,host13
total_time,30.110526,30.317675,29.999768,29.999005,29.999927,30.047877,29.998820,30.003528,116.353121,30.016750
total_packets,6282,31884,10169,9783,15133,14207,29660,6765,93900,6785
min_delay,0.100304,0.100298,0.100219,0.100149,0.100136,0.100155,0.100197,0.100255,0.100196,0.100113
max_delay,2.483327,0.782244,0.261857,0.260780,0.278166,2.701408,0.324851,0.245630,0.775999,0.236604
avg_delay,0.128068,0.246946,0.104560,0.104898,0.103364,0.176533,0.107131,0.107406,0.215422,0.107293
avg_jitter,0.003660,0.001130,0.001901,0.002172,0.001514,0.001789,0.000918,0.002965,0.001137,0.002963
sd_delay,0.067131,0.094835,0.008011,0.008101,0.007364,0.331592,0.021346,0.008763,0.090707,0.008498
avg_bit_rate,1669.050883,8413.310058,2711.754304,2608.886528,4035.476486,3782.496847,7909.644446,1803.787875,6456.208424,1808.323686
avg_pkt_rate,208.631360,1051.663757,338.969288,326.110816,504.434561,472.812106,988.705556,225.473484,807.026053,226.040461
