host0,host1,host3,host4,host6,host7,host9,host10,host12,host13
119.999044,34.980612,119.999369,119.998338,88.538968,119.989165,119.998184,120.000019,120.000203,119.998999
68143,13550,74751,37491,33950,36889,37372,37279,37482,37383
0.000015,0.000018,0.000015,0.000016,0.000017,0.000017,0.000017,0.000016,0.000017,0.000015
0.035631,0.037021,0.051474,0.025814,3.073389,27.971575,0.024600,0.026281,0.025774,0.026025
0.000999,0.000959,0.000951,0.001614,0.001332,0.002709,0.001700,0.001767,0.001339,0.001716
0.001080,0.001388,0.000996,0.001702,0.001634,0.002940,0.001715,0.001716,0.001692,0.001725
0.001715,0.001555,0.001875,0.002262,0.016763,0.205929,0.002463,0.002574,0.002090,0.002430
4542.902858,3098.859448,4983.426205,2499.434617,3067.575850,2459.488738,2491.504371,2485.266273,2498.795773,2492.220789
567.862857,387.357431,622.928276,312.429327,383.446981,307.436092,311.438046,310.658284,312.349472,311.527599
