host0,host1,host3,host4,host6,host7,host9,host10,host12,host13
119.998787,119.999782,120.001272,119.995503,119.997576,119.995038,119.999644,119.999048,98.173647,119.997577
70271,48742,76536,38207,48510,32841,38119,38228,31300,38244
0.000015,0.000016,0.000014,0.000015,0.000016,0.000016,0.000017,0.000016,0.000017,0.000017
0.051482,0.033578,0.043842,0.034133,0.037272,26.985031,0.034169,0.036743,0.029728,0.029341
0.000922,0.000873,0.000838,0.001430,0.001157,0.015562,0.001377,0.001347,0.001225,0.001335
0.001031,0.001326,0.000940,0.001682,0.001395,0.003813,0.001665,0.001662,0.001625,0.001668
0.001592,0.001269,0.001345,0.001822,0.001533,0.618014,0.001767,0.001692,0.001625,0.001639
4684.780689,3249.472570,5102.345915,2547.228791,3234.065328,2189.490535,2541.274206,2548.553552,2550.582643,2549.651482
585.597586,406.184071,637.793239,318.403599,404.258166,273.686317,317.659276,318.569194,318.822830,318.706435
