host0,host1,host3,host4,host6,host7,host9,host10,host12,host13
119.998870,119.999524,119.995158,120.002940,119.996704,120.002081,119.991348,120.001374,119.997959,119.999465
64308,35895,71391,36171,45834,45595,35552,36055,33103,36108
0.000013,0.000014,0.000013,0.000014,0.000015,0.000015,0.000016,0.000016,0.000015,0.000015
0.222075,25.960703,0.045850,0.227500,0.230181,0.964482,1.968535,0.231901,5.073895,0.038091
0.000982,0.001764,0.000913,0.003636,0.003623,0.003788,0.004572,0.003655,0.002702,0.001188
0.001145,0.002924,0.001042,0.001825,0.001538,0.001592,0.001932,0.001842,0.002389,0.001781
0.001928,0.137032,0.001629,0.003915,0.003857,0.011658,0.038824,0.004093,0.076607,0.001732
4287.240372,2393.009492,4759.592050,2411.340922,3055.683929,3039.613955,2370.304232,2403.639145,2206.904202,2407.210732
535.905046,299.126187,594.949006,301.417615,381.960491,379.951744,296.288029,300.454893,275.863025,300.901342
