host0,host1,host3,host4,host6,host7,host9,host10,host12,host13
119.999261,119.998949,119.999013,120.000946,119.990245,119.996738,119.997729,119.998775,120.000753,119.999045
62808,45246,69763,35658,45085,45159,35656,35542,35276,35666
0.000013,0.000014,0.000011,0.000018,0.000016,0.000014,0.000016,0.000014,0.000015,0.000014
0.147652,0.037557,0.147481,0.067003,0.146536,0.146522,0.150149,0.041303,0.935531,0.038410
0.001266,0.001241,0.001213,0.002751,0.002959,0.002967,0.002939,0.002767,0.001627,0.001334
0.001315,0.001608,0.001205,0.001916,0.001702,0.001703,0.001964,0.001922,0.001960,0.001894
0.002285,0.001911,0.002336,0.002508,0.002794,0.002834,0.002689,0.002391,0.015719,0.002006
4187.225786,3016.426419,4650.904920,2377.181260,3005.911022,3010.681840,2377.111654,2369.490855,2351.718576,2377.752256
523.403223,377.053302,581.363115,297.147657,375.738878,376.335230,297.138957,296.186357,293.964822,297.219032
