host,host0,host1,host2,host3,host4,host5,host6,host7,host8,host9
total_time,122.300244,120.500879,122.367163,120.325957,119.998699,119.994664,124.179500,119.975747,123.075989,119.998591
total_packets,65456,61217,64267,61518,53668,61728,39731,52780,38343,52894
min_delay,0.000175,0.000009,0.000109,0.000009,0.000015,0.000010,0.000128,0.000009,0.000125,0.000010
max_delay,7.841491,0.015799,8.872776,0.016510,0.027516,0.006970,10.746274,0.016793,12.572842,0.009711
avg_delay,3.038818,0.000106,2.965533,0.000108,0.002104,0.000107,4.778315,0.000105,4.986679,0.000104
avg_jitter,0.002390,0.000085,0.002392,0.000090,0.001168,0.000087,0.003952,0.000084,0.003956,0.000084
sd_delay,1.892279,0.000247,1.804530,0.000236,0.002446,0.000226,2.755325,0.000253,2.916994,0.000237
avg_bit_rate,4281.659487,4064.169524,4201.584701,4090.090054,3577.905457,4115.382997,2559.585117,3519.377962,2492.313915,3526.308071
avg_pkt_rate,535.207436,508.021190,525.198088,511.261257,447.238182,514.422875,319.948140,439.922245,311.539239,440.788509
