host,host0,host1,host2,host3,host4,host5,host6,host7,host8,host9
total_time,120.939054,120.886670,121.742591,120.804896,119.999341,120.375012,120.967224,119.985162,121.098544,119.989004
total_packets,123475,55544,113882,55067,91562,54240,90149,54555,66193,54803
min_delay,0.000145,0.000010,0.000121,0.000011,0.000014,0.000010,0.000023,0.000011,0.000094,0.000011
max_delay,3.871514,0.055872,4.146900,0.009226,0.061861,0.006314,6.220368,0.010223,8.360412,0.006488
avg_delay,1.285769,0.000100,1.503496,0.000099,0.000797,0.000100,2.046044,0.000101,3.113120,0.000098
avg_jitter,0.001187,0.000085,0.001331,0.000083,0.000804,0.000086,0.001683,0.000086,0.002350,0.000085
sd_delay,0.799006,0.000343,0.932035,0.000242,0.001153,0.000228,1.230292,0.000240,1.826341,0.000223
avg_bit_rate,8167.750345,3675.773350,7483.461560,3646.673393,6104.166855,3604.734843,5961.879393,3637.449771,4372.835399,3653.868149
avg_pkt_rate,1020.968793,459.471669,935.432695,455.834174,763.020857,450.591855,745.234924,454.681221,546.604425,456.733519
