host,host0,host1,host2,host3,host4,host5,host6,host7,host8,host9
total_time,121.362228,120.940958,121.682293,120.976851,120.005298,120.738358,121.361231,120.359115,121.597276,120.000882
total_packets,121201,55591,110841,55211,89453,55409,88619,55219,66509,55485
min_delay,0.000068,0.000010,0.000127,0.000011,0.000014,0.000010,0.000109,0.000010,0.000073,0.000010
max_delay,3.920380,1.760782,3.888556,1.761324,0.101729,1.759783,5.449252,1.763882,7.816544,1.760575
avg_delay,1.210504,0.424043,1.428924,0.430157,0.000935,0.427968,2.011878,0.437033,3.035622,0.436206
avg_jitter,0.001202,0.603076,0.001345,0.604233,0.000853,0.604239,0.001710,0.614763,0.002363,0.613039
sd_delay,0.804094,0.722960,0.790201,0.727378,0.001763,0.726848,1.118491,0.732043,1.832498,0.732061
avg_bit_rate,7989.372113,3677.232324,7287.239401,3651.012540,5963.270055,3671.343617,5841.667839,3670.282886,4375.690126,3698.972813
avg_pkt_rate,998.671514,459.654040,910.904925,456.376567,745.408757,458.917952,730.208480,458.785361,546.961266,462.371602
