host,host0,host1,host2,host3,host4,host5,host6,host7,host8,host9
total_time,121.375926,120.544558,120.938229,120.339117,119.997701,119.999715,124.179500,119.975747,123.075989,119.998591
total_packets,120682,63778,112461,63357,91182,63272,39731,52780,38343,52894
min_delay,0.000139,0.000009,0.000090,0.000009,0.000014,0.000010,0.000128,0.000009,0.000125,0.000010
max_delay,3.281016,0.005894,4.666147,0.011655,0.050669,0.006322,10.746274,0.016793,12.572842,0.009711
avg_delay,0.964536,0.000099,1.485471,0.000103,0.000737,0.000103,4.778315,0.000105,4.986679,0.000104
avg_jitter,0.001059,0.000077,0.001331,0.000078,0.000780,0.000079,0.003952,0.000084,0.003956,0.000084
sd_delay,0.674803,0.000179,0.863677,0.000230,0.001205,0.000204,2.755325,0.000253,2.916994,0.000237
avg_bit_rate,7954.262693,4232.658931,7439.235777,4211.897284,6078.916462,4218.143351,2559.585117,3519.377962,2492.313915,3526.308071
avg_pkt_rate,994.282837,529.082366,929.904472,526.487160,759.864558,527.267919,319.948140,439.922245,311.539239,440.788509
