host,host0,host1,host2,host3,host4,host5,host6,host7,host8,host9
total_time,121.214467,120.721944,121.855303,120.752161,119.999122,120.770300,124.179500,119.975747,123.075989,119.998591
total_packets,65320,53983,64657,54053,53824,53610,39731,52780,38343,52894
min_delay,0.000091,0.000009,0.000120,0.000009,0.000017,0.000009,0.000128,0.000009,0.000125,0.000010
max_delay,8.692481,0.011767,6.274941,0.020823,0.037279,0.009678,10.746274,0.016793,12.572842,0.009711
avg_delay,3.110408,0.000108,2.782952,0.000103,0.002985,0.000108,4.778315,0.000105,4.986679,0.000104
avg_jitter,0.002414,0.000086,0.002367,0.000084,0.001133,0.000086,0.003952,0.000084,0.003956,0.000084
sd_delay,1.892060,0.000278,1.466789,0.000247,0.003349,0.000266,2.755325,0.000253,2.916994,0.000237
avg_bit_rate,4311.036570,3577.344646,4244.837830,3581.087050,3588.292921,3551.204228,2559.585117,3519.377962,2492.313915,3526.308071
avg_pkt_rate,538.879571,447.168081,530.604729,447.635881,448.536615,443.900529,319.948140,439.922245,311.539239,440.788509
